<?xml version="1.0" encoding="UTF-8"?>
<project-private xmlns="http://www.netbeans.org/ns/project-private/1">
    <editor-bookmarks xmlns="http://www.netbeans.org/ns/editor-bookmarks/2" lastBookmarkId="0"/>
    <open-files xmlns="http://www.netbeans.org/ns/projectui-open-files/2">
        <group>
            <file>file:/D:/Code/FA23/PRJ301/SE1760/web/addProduct.html</file>
            <file>file:/D:/Code/FA23/PRJ301/SE1760/src/java/model/DAOProduct.java</file>
            <file>file:/D:/Code/FA23/PRJ301/SE1760/src/java/controller/productController.java</file>
            <file>file:/D:/Code/FA23/PRJ301/SE1760/web/ProductManager.html</file>
            <file>file:/D:/Code/FA23/PRJ301/SE1760/src/java/model/DBConnect.java</file>
            <file>file:/D:/Code/FA23/PRJ301/SE1760/src/java/model/DAOCustomer.java</file>
        </group>
    </open-files>
</project-private>
