<?xml version="1.0" encoding="UTF-8"?>
<project-private xmlns="http://www.netbeans.org/ns/project-private/1">
    <editor-bookmarks xmlns="http://www.netbeans.org/ns/editor-bookmarks/2" lastBookmarkId="0"/>
    <open-files xmlns="http://www.netbeans.org/ns/projectui-open-files/2">
        <group>
            <file>file:/D:/Code/FA23/PRJ301/SE1760MVC_HS/web/JSP/addProduct.jsp</file>
            <file>file:/D:/Code/FA23/PRJ301/SE1760MVC_HS/src/java/controller/ProductController.java</file>
            <file>file:/D:/Code/FA23/PRJ301/SE1760MVC_HS/web/JSP/DisplayProduct.jsp</file>
            <file>file:/D:/Code/FA23/PRJ301/SE1760MVC_HS/web/JSP/MyJSP.jsp</file>
            <file>file:/D:/Code/FA23/PRJ301/SE1760MVC_HS/web/addProduct.html</file>
        </group>
    </open-files>
</project-private>
